FID,GRIDCODE,subbasin,Area_ha,Lat_1,Long_1
0,1,1,4318.721679,39.86763687,-88.01448586
1,2,2,6839.489349,39.09823035,-87.70482447
2,3,3,7003.36625,38.9702568,-87.65172972
3,4,4,11780.95514,39.03240293,-87.67533997
4,5,5,6969.422343,40.04667916,-88.23128146
5,6,6,8215.637923,39.39810397,-87.75811842
6,7,7,14179.19477,39.94466532,-88.09501754
7,8,8,7036.027551,39.52432366,-87.64959169
8,9,9,8417.50996,39.33324734,-87.77029536
9,10,10,8641.373062,39.25914783,-87.71557222
10,11,11,2256.874913,39.29477253,-87.67442929
11,12,12,11008.20864,39.1853898,-87.73151601
12,13,13,4678.920579,39.37751112,-87.6341276
13,14,14,5370.683597,39.45370699,-87.82506753
14,15,15,5438.211985,40.22841204,-85.24482716
15,16,16,10512.42595,39.91582879,-88.21190804
16,17,17,5047.965519,40.42833695,-85.48612388
17,18,18,5363.802959,40.41057438,-85.58174519
18,19,19,5271.51294,40.34229845,-85.38667961
19,20,20,4889.973017,40.43340831,-85.64669186
20,21,21,4239.380177,40.49994965,-85.42303003
21,22,22,4338.819785,40.37086716,-85.51567639
22,23,23,6611.88308,39.87967783,-88.09911934
23,24,24,6849.779607,39.81711794,-88.16776656
24,25,25,4565.975073,39.84542019,-88.28328691
25,26,26,6951.818936,39.87339434,-88.25342664
26,27,27,10430.52948,40.32308968,-85.28188041
27,28,28,5596.31281,40.31908025,-85.43265097
28,29,29,8639.557474,39.71498788,-88.28748519
29,30,30,8117.504617,39.77575797,-88.26999407
30,31,31,3880.059189,40.64739141,-85.6756307
31,32,32,7831.469746,40.65027664,-85.7394941
32,33,33,8551.294765,39.83786335,-87.9217475
33,34,34,7445.123399,39.79719643,-87.84153299
34,35,35,4981.01308,39.76575537,-87.90453414
35,36,36,5119.629447,39.7905745,-88.09302043
36,37,37,4997.207007,40.4738053,-85.6995119
37,38,38,5806.338948,40.66546813,-85.81753421
38,39,39,6030.06709,40.49859503,-85.54359751
39,40,40,6718.76277,40.39944048,-85.71083108
40,41,41,7713.047321,40.54983873,-85.54681862
41,42,42,5923.646573,40.47125215,-85.57173676
42,43,43,5518.096311,40.55351519,-85.65637241
43,44,44,8443.011659,40.61412737,-85.66267023
44,45,45,7708.587815,38.10060159,-87.9640863
45,46,46,6644.809333,40.68326524,-85.90787634
46,47,47,7122.993032,38.06705119,-88.01882909
47,48,48,3970.752588,38.02400138,-88.06197123
48,49,49,6267.413439,37.95738693,-87.99079353
49,50,50,6722.051846,37.90954339,-88.03648187
50,51,51,5742.76805,37.86308079,-88.0219055
51,52,52,12039.78761,37.84186031,-88.10697309
52,53,53,7792.446863,39.44996111,-87.69547332
53,54,54,9075.096646,39.07883345,-87.80963811
54,55,55,5579.227889,38.9336555,-87.92729945
55,56,56,8774.27281,39.2470958,-87.84989278
56,57,57,9810.081493,39.15241113,-87.84539111
57,58,58,6414.204238,39.10835608,-87.9199641
58,59,59,4758.502631,39.05676473,-87.9686142
59,60,60,10598.21333,39.00585677,-87.99581929
60,61,61,5529.238904,39.03202332,-87.87895644
61,62,62,4153.129134,38.96570669,-87.82059543
62,63,63,4598.987183,41.05347069,-85.66027552
63,64,64,4823.616756,41.07042105,-85.73988318
64,65,65,5338.124077,41.01592808,-85.70014914
65,66,66,8478.256435,40.96803366,-85.68159537
66,67,67,4022.537659,41.03675182,-85.78579887
67,68,68,8155.050528,41.03521521,-85.91717771
68,69,69,5298.767842,40.99411692,-85.84310836
69,70,70,4225.723554,41.19355146,-85.57110872
70,71,71,8003.13081,41.05432384,-85.525084
71,72,72,9021.762601,41.1058215,-85.51103837
72,73,73,5297.789985,41.10422678,-85.69159763
73,74,74,4854.721698,41.04346057,-85.83738689
74,75,75,7681.735076,39.36168801,-88.09256512
75,76,76,7870.328753,39.21520629,-88.39388812
76,77,77,10203.60437,39.30063546,-88.22753375
77,78,78,4547.823136,39.13783794,-88.32560027
78,79,79,8270.668723,39.21629548,-88.29937073
79,80,80,7636.175583,39.52204686,-88.00578835
80,81,81,12710.75712,39.46026286,-88.14364503
81,82,82,7185.126297,39.41792145,-88.04464202
82,83,83,4441.286613,39.30907939,-88.08607133
83,84,84,13417.14107,39.3002205,-88.17151281
84,85,85,7315.946517,41.13615543,-85.62228552
85,86,86,9044.433027,39.2899996,-88.03816112
86,87,87,5655.500204,39.20058561,-88.14439917
87,88,88,7109.062935,40.14049294,-87.4920123
88,89,89,4542.127543,39.8621813,-87.52106248
89,90,90,7433.84646,39.91665686,-87.55958661
90,91,91,4104.980741,40.36039101,-87.52546442
91,92,92,3600.255212,40.33289255,-87.57131491
92,93,93,8215.45221,40.51476261,-87.46861507
93,94,94,8015.546453,40.48006922,-87.59432798
94,95,95,4569.276119,40.27318774,-87.52998329
95,96,96,8925.657382,39.30023702,-87.90092665
96,97,97,8203.338322,39.59461273,-87.94828929
97,98,98,11855.25597,39.12819929,-88.06161761
98,99,99,5552.495479,39.02082455,-88.19667316
99,100,100,12695.61198,39.40716852,-87.89404391
100,101,101,8368.691323,39.12243477,-88.11398949
101,102,102,11317.96163,39.11888661,-88.21034327
102,103,103,5335.750801,39.07403802,-88.25771164
103,104,104,4511.111266,39.29623358,-87.96087017
104,105,105,6172.915534,39.59188364,-87.86949094
105,106,106,7768.688256,39.63568805,-87.84615107
106,107,107,12109.27304,39.77777076,-88.01431117
107,108,108,7185.706138,39.70311475,-87.51492186
108,109,109,5179.64795,39.5220428,-87.5700655
109,110,110,8057.710196,39.50622727,-87.4951931
110,111,111,5978.129481,39.57424282,-87.51258032
111,112,112,4483.143595,39.44992564,-87.52348953
112,113,113,3796.829313,39.43610665,-87.60881798
113,114,114,12415.06448,39.38914934,-87.52935056
114,115,115,5983.236146,39.31581535,-87.64655503
115,116,116,4494.593753,39.28251753,-87.59723726
116,117,117,5704.805549,39.15372523,-87.64835166
117,118,118,3313.960123,38.99114603,-87.54260348
118,119,119,9184.020043,38.91919448,-87.56822931
119,120,120,4339.663642,39.20484286,-87.59400186
120,121,121,10791.52323,40.16491174,-87.57722883
121,122,122,4139.243699,40.0626757,-87.52249571
122,123,123,5407.920305,40.05255335,-87.57048531
123,124,124,6816.501353,39.98003581,-87.50241055
124,125,125,3653.09636,39.79971676,-87.55317452
125,126,126,3897.039061,39.77365836,-87.52688421
126,127,127,6714.678256,39.6357237,-87.56750373
127,128,128,8917.885994,39.18850067,-87.95685091
128,129,129,5492.944337,39.16740827,-88.00588686
129,130,130,15169.08881,39.35347133,-88.30311902
130,131,131,8797.059438,39.28940546,-88.37956391
131,132,132,6275.543763,39.61056884,-88.14281343
132,133,133,11409.47294,39.61797806,-88.08050597
133,134,134,10494.34596,39.51490371,-88.29141747
134,135,135,6044.484226,39.52921668,-88.19028388
135,136,136,9951.678993,39.45731494,-88.27800453
136,137,137,5134.311785,41.10897515,-85.39199769
137,138,138,4751.748305,41.18046415,-85.34579584
138,139,139,5879.715659,41.14469326,-85.41028568
139,140,140,11251.83661,39.67951464,-88.17253639
140,141,141,4706.443078,39.6968291,-87.99135333
141,142,142,11745.01419,39.63984293,-87.98114632
142,143,143,4405.522577,39.75112302,-88.13871538
143,144,144,6094.980803,38.87122898,-87.51012783
144,145,145,4656.862737,38.69638431,-87.54908999
145,146,146,2457.311588,40.72618427,-85.99062087
146,147,147,5476.083546,41.23718609,-85.384378
147,148,148,4930.119637,41.21960235,-85.44883154
148,149,149,5058.200133,41.18431046,-85.49808693
149,150,150,5066.747224,41.19436067,-85.21458891
150,151,151,6389.736633,41.19183083,-85.28291535
151,152,152,7452.165139,38.63940383,-87.62272903
152,153,153,6849.476868,38.57964325,-87.68415823
153,154,154,6415.096217,38.48394539,-87.70525595
154,155,155,4215.515381,38.40389733,-87.78919056
155,156,156,9314.391273,38.30635977,-87.74101737
156,157,157,9159.723831,38.29441452,-87.8992377
157,158,158,6846.441795,38.24883397,-88.0152115
158,159,159,5561.029332,38.23482063,-87.90300112
159,160,160,7348.988952,38.35406749,-87.99563827
160,161,161,5497.903826,38.31013492,-87.95560422
161,162,162,5546.457405,38.16811874,-87.99246579
162,163,163,7145.488651,39.43923955,-88.43581451
163,164,164,6056.184028,38.13940651,-87.89396416
164,165,165,8277.505447,40.68745265,-85.26445257
165,166,166,7551.463262,40.76615456,-85.35023568
166,167,167,6596.89119,40.73336739,-85.15423038
167,168,168,6979.262056,40.77237854,-85.19623429
168,169,169,6243.961256,38.96755234,-88.04303353
169,170,170,6011.261242,38.89469289,-88.06228931
170,171,171,4852.093808,38.98968961,-87.83024736
171,172,172,7225.391303,38.98659183,-88.1413413
172,173,173,4733.807767,38.87322947,-88.00034673
173,174,174,4168.702815,38.80789354,-87.99946739
174,175,175,6674.126785,39.36784283,-88.53960531
175,176,176,5714.425021,39.33429502,-88.59380253
176,177,177,13697.69244,39.24965637,-88.5533643
177,178,178,10503.77124,39.22423674,-88.50741366
178,179,179,4617.865877,40.88415167,-85.25597798
179,180,180,5310.667187,40.86915157,-85.16533842
180,181,181,4508.018379,40.97041148,-85.22079026
181,182,182,4150.019643,40.7829948,-85.2496841
182,183,183,5592.403088,40.82292026,-85.29579795
183,184,184,7637.801142,38.76467624,-87.920776
184,185,185,7360.970915,38.8178684,-87.87976572
185,186,186,10688.94711,38.73231889,-87.84774738
186,187,187,8898.510741,38.89520097,-87.6747313
187,188,188,7891.614905,38.82357205,-87.6824176
188,189,189,9335.650336,38.76725592,-87.61910105
189,190,190,9036.199339,38.7591649,-87.56711669
190,191,191,8011.090085,38.7037423,-87.73823455
191,192,192,7246.50354,38.74859774,-87.70045464
192,193,193,7334.302026,38.87593027,-87.89610983
193,194,194,9917.1653,38.9372913,-87.77118131
194,195,195,7208.690517,38.84891373,-87.78065038
195,196,196,4681.928357,39.40469521,-88.51741539
196,197,197,14045.62147,38.96999174,-88.72067557
197,198,198,8995.227843,39.06004883,-88.61250333
198,199,199,11819.57083,39.08014205,-88.52952783
199,200,200,14276.38122,39.00406424,-88.4573392
200,201,201,5289.600759,39.07073649,-88.68178
201,202,202,7494.485708,39.03275379,-88.71899176
202,203,203,3180.949865,39.14501391,-88.64856731
203,204,204,3229.284509,39.12909812,-88.58334352
204,205,205,5740.098255,39.16589695,-88.44150977
205,206,206,7106.015309,39.0973294,-88.44157118
206,207,207,3107.24518,39.05617767,-88.3872633
207,208,208,5450.146569,38.91712256,-88.6149493
208,209,209,5298.199757,38.9140135,-88.48883745
209,210,210,13461.76024,38.88075924,-88.69170203
210,211,211,4836.772462,38.66342707,-87.80700705
211,212,212,4122.805814,38.63231519,-87.74002737
212,213,213,7670.005326,38.5874923,-87.76982191
213,214,214,9254.691108,38.51020254,-87.78796906
214,215,215,5788.697501,38.39706369,-87.84614087
215,216,216,7632.098212,38.68253155,-87.97542291
216,217,217,13060.13039,38.57975661,-87.88100132
217,218,218,4554.459208,40.55418895,-85.0955527
218,219,219,8241.707805,38.88379522,-88.55366882
219,220,220,2593.695074,38.91299233,-88.36457794
220,221,221,15157.08919,38.97754263,-88.34207937
221,222,222,4211.973997,38.96420227,-88.29369701
222,223,223,12771.1772,38.9225539,-88.26832688
223,224,224,12117.13656,38.81640171,-88.6609654
224,225,225,8495.08918,38.84811175,-88.48031173
225,226,226,4683.407674,41.066833,-85.32449637
226,227,227,8846.225728,41.03077209,-85.25950534
227,228,228,7766.527228,38.48296846,-87.99168316
228,229,229,5103.448036,38.50651134,-88.32384897
229,230,230,13454.02806,38.58069359,-87.96529912
230,231,231,10115.60495,38.41053746,-87.96406123
231,232,232,7006.381515,38.46707295,-87.87310734
232,233,233,7853.074848,40.61545579,-84.9689619
233,234,234,8240.008112,40.64181024,-85.13079487
234,235,235,6783.875598,40.62709023,-85.22189685
235,236,236,6516.772714,40.49700877,-84.95473627
236,237,237,5529.166929,40.68450595,-85.07430366
237,238,238,4385.159364,40.7090964,-85.35887089
238,239,239,5017.297199,40.81382279,-85.10926395
239,240,240,6930.07405,38.4901085,-88.41875585
240,241,241,4616.118336,38.49836126,-88.27754151
241,242,242,5461.759617,40.53143688,-84.91979993
242,243,243,6717.89389,40.54669932,-85.01910717
243,244,244,7787.9954,38.43540729,-88.3813487
244,245,245,4542.225703,40.78316464,-85.92796154
245,246,246,6602.113966,40.76707186,-85.97869578
246,247,247,6239.989419,40.93759261,-85.28835899
247,248,248,4496.820492,41.11534332,-85.26657096
248,249,249,7789.714253,38.85477244,-88.24868147
249,250,250,8381.979568,40.5561227,-85.80779874
250,251,251,9814.990621,38.34449908,-88.30735744
251,252,252,4113.114831,38.36926168,-88.16016905
252,253,253,4475.282181,41.03429688,-85.3703596
253,254,254,6265.221399,40.98892131,-85.38928879
254,255,255,2583.939155,38.82461262,-88.06930676
255,256,256,4045.993972,38.76678435,-88.04112632
256,257,257,7048.853838,38.69573589,-88.04917315
257,258,258,5524.221563,40.53249628,-85.8757771
258,259,259,9170.73727,38.57242615,-88.0669751
259,260,260,6770.775718,38.49675898,-88.18391467
260,261,261,7950.80109,38.43857782,-88.08974472
261,262,262,13641.19733,38.51318642,-88.19107016
262,263,263,6802.75671,40.87767995,-85.32283429
263,264,264,18135.90656,38.80732132,-88.39561041
264,265,265,9633.369162,38.73600963,-88.29537697
265,266,266,5133.428693,40.94565028,-85.43269622
266,267,267,5957.94751,38.83750645,-88.21314396
267,268,268,5682.585365,38.76994448,-88.21966431
268,269,269,6188.091669,38.44121555,-88.25743955
269,270,270,7285.460097,38.72609089,-88.51482769
270,271,271,10288.96083,38.70761839,-88.40772922
271,272,272,8741.006855,38.63194721,-88.25089143
272,273,273,7576.057337,40.50473137,-85.76151142
273,274,274,6950.795675,41.31739063,-85.69198891
274,275,275,6057.926509,38.71646905,-88.17400666
275,276,276,19992.39597,38.80797522,-88.12769302
276,277,277,11065.67626,38.61182728,-88.12938546
277,278,278,4115.446426,40.86311861,-85.53752291
278,279,279,5554.855844,40.82429874,-85.5092517
279,280,280,4062.860904,40.88667436,-85.409448
280,281,281,7379.762117,38.58134838,-88.35890517
281,282,282,4139.101656,40.83461374,-85.41324523
282,283,283,5872.633907,40.91042545,-85.63513357
283,284,284,7797.35961,40.74003919,-85.75659453
284,285,285,4550.979717,40.7971283,-85.75652178
285,286,286,4441.890479,40.84367098,-85.64274968
286,287,287,5604.384731,40.85380699,-85.71824591
287,288,288,6390.11095,38.60184521,-88.53917573
288,289,289,12469.65397,38.6501564,-88.53357339
289,290,290,10277.9669,38.65788377,-88.44501854
290,291,291,4676.211682,38.54596058,-88.42080215
291,292,292,4389.084614,40.892951,-85.47963642
292,293,293,4279.893898,40.99698306,-85.55799496
293,294,294,10328.00011,40.95920139,-85.52011762
294,295,295,4642.597464,40.16778541,-87.39274963
295,296,296,4797.558176,38.40664052,-86.9125717
296,297,297,5325.020052,40.16588348,-86.99382669
297,298,298,7113.277886,38.36868998,-86.68481202
298,299,299,9434.414305,38.41835988,-86.63038828
299,300,300,9491.747504,38.35596001,-86.79136136
300,301,301,8019.483816,38.3180435,-86.83093987
301,302,302,7185.785242,38.21560741,-86.8858343
302,303,303,7185.761158,38.25514412,-86.96068014
303,304,304,6847.757693,38.29578479,-86.89125508
304,305,305,8849.691767,38.48137779,-86.75582825
305,306,306,9782.949812,38.42542151,-86.81868305
306,307,307,5428.429732,38.48062269,-86.6793833
307,308,308,4819.902058,39.57332614,-87.04273451
308,309,309,4178.247206,40.73403332,-85.85208996
309,310,310,7541.300408,40.80809599,-85.84911772
310,311,311,4718.509567,39.53877162,-86.73246335
311,312,312,8268.149452,39.46483154,-86.71956331
312,313,313,6036.064774,39.49822472,-86.81841073
313,314,314,8070.47564,39.45442611,-86.83622926
314,315,315,7314.881559,39.48208192,-87.11437571
315,316,316,6738.546593,40.19187153,-85.46797953
316,317,317,5224.063167,39.57296679,-86.68757418
317,318,318,5631.387682,40.1231957,-85.53704298
318,319,319,5754.626389,40.16213251,-85.61084011
319,320,320,7032.724898,40.22464004,-87.19338459
320,321,321,6000.311627,40.28138058,-87.27296485
321,322,322,11091.58339,39.39628911,-87.1428217
322,323,323,8140.123951,40.43016646,-87.11089419
323,324,324,6173.022198,40.40486055,-87.19567602
324,325,325,3968.533383,40.3646363,-87.2437628
325,326,326,7918.318916,40.32166982,-87.17253974
326,327,327,9624.641085,40.25354694,-87.10481976
327,328,328,6168.598949,40.33531185,-87.06989082
328,329,329,6250.253186,38.55642272,-86.9798745
329,330,330,9073.341954,40.25663077,-84.95827166
330,331,331,4429.188469,40.32509427,-85.04946262
331,332,332,7276.602556,40.6149118,-87.20314865
332,333,333,7946.72653,38.83767722,-86.74398096
333,334,334,7152.206389,38.78763575,-86.72921823
334,335,335,2693.071745,38.84715597,-86.47087919
335,336,336,6404.236478,38.81869768,-86.57650457
336,337,337,6561.416629,38.76306214,-86.68982258
337,338,338,6156.232738,38.84549994,-86.81410302
338,339,339,5703.030285,38.72242858,-86.93093515
339,340,340,11217.66983,38.7604169,-86.86025844
340,341,341,5110.331793,38.88208974,-86.65019004
341,342,342,8214.048073,38.90164017,-86.38545644
342,343,343,4413.363048,38.80049661,-86.48590347
343,344,344,5377.11966,39.50914849,-87.03254917
344,345,345,4863.847401,39.335166,-87.28242007
345,346,346,7090.65335,39.3477462,-87.22339885
346,347,347,9976.226,39.412577,-86.91636734
347,348,348,8726.811479,39.44469268,-87.00078591
348,349,349,7043.969485,39.34302363,-86.97321853
349,350,350,8705.265074,38.93609,-86.67298703
350,351,351,5594.505134,40.32746539,-85.6526043
351,352,352,6550.543077,40.26427904,-85.63085725
352,353,353,5873.29483,39.37385861,-87.06899605
353,354,354,5230.21746,40.29072194,-85.80840093
354,355,355,5776.591919,40.12090316,-85.75248201
355,356,356,4120.288698,40.32356571,-85.58355481
356,357,357,4770.778404,40.10800137,-85.61796994
357,358,358,4864.314331,40.16465056,-85.72124037
358,359,359,12025.58421,40.41433046,-85.29670719
359,360,360,5830.573714,40.28623245,-85.88606439
360,361,361,4781.187933,40.10459037,-87.02329971
361,362,362,5843.16215,40.17507907,-85.81179923
362,363,363,4558.687425,40.3384846,-85.78841988
363,364,364,6274.486813,40.08567064,-87.09978691
364,365,365,8244.955161,40.26770233,-85.71511393
365,366,366,4557.531763,40.24559938,-85.77672265
366,367,367,5206.502899,40.22637334,-85.1298556
367,368,368,8014.539958,40.28299667,-85.17898153
368,369,369,4755.199427,40.30801418,-85.52727491
369,370,370,3454.783536,38.77241503,-86.57319903
370,371,371,4766.951458,40.15960314,-87.11429188
371,372,372,5951.104478,40.19249493,-87.10033144
372,373,373,5210.620395,40.16978513,-87.25855844
373,374,374,6486.910774,40.33901179,-85.17669958
374,375,375,4147.695453,40.23179173,-85.04838389
375,376,376,6969.104272,40.27301709,-85.05805139
376,377,377,4795.485357,40.51663262,-87.25254917
377,378,378,7143.60309,40.4436108,-87.27832732
378,379,379,9579.286547,40.34825108,-87.32436682
379,380,380,6814.406852,40.38105177,-87.03196662
380,381,381,4463.820415,40.56060338,-87.17492889
381,382,382,4757.563101,40.52522915,-87.1557659
382,383,383,5209.373492,40.48338454,-87.16121467
383,384,384,9313.181876,38.61555044,-86.42128981
384,385,385,8020.298078,38.67135747,-86.52654127
385,386,386,4848.482858,38.58673089,-86.26610463
386,387,387,6589.928526,38.6356565,-86.29289081
387,388,388,4891.637669,38.52669493,-86.4164299
388,389,389,6440.088414,38.53949475,-86.48721868
389,390,390,4855.025914,39.97462122,-85.3045719
390,391,391,6130.715024,40.01238465,-85.32706663
391,392,392,5021.751335,39.26325616,-87.20962841
392,393,393,7439.488185,39.24694704,-87.12137776
393,394,394,4868.476651,39.28218469,-87.01508177
394,395,395,5169.250733,39.2404521,-86.99285173
395,396,396,6186.345255,39.15232045,-87.11866653
396,397,397,7717.44882,39.19556481,-87.13163666
397,398,398,5328.820256,39.19327156,-86.97389529
398,399,399,4587.179314,39.13350909,-87.01329232
399,400,400,10366.5053,39.75860458,-85.54440004
400,401,401,4461.910206,40.19967938,-85.9217118
401,402,402,7082.278111,39.93806608,-85.44403884
402,403,403,5092.037726,39.81885353,-85.43495295
403,404,404,6526.411031,39.85969581,-85.46076287
404,405,405,7101.07438,40.19625973,-85.88686856
405,406,406,6122.809107,40.19709296,-86.18949545
406,407,407,5335.160366,40.23680946,-86.19041036
407,408,408,4537.525428,39.91372507,-85.38780456
408,409,409,8896.44217,40.04530243,-86.00073038
409,410,410,5154.923832,40.31834902,-87.74224136
410,411,411,7332.211744,40.24551813,-87.8170608
411,412,412,6302.503346,39.86770398,-85.52820514
412,413,413,4486.906427,39.74907316,-85.43113458
413,414,414,8246.998583,40.01946761,-88.11457438
414,415,415,8830.471443,40.17649857,-87.9157247
415,416,416,8674.729307,40.14600463,-87.87631842
416,417,417,4670.559219,40.41927501,-87.95447058
417,418,418,4127.286109,40.39395178,-87.97444735
418,419,419,9095.381075,40.31245344,-87.9691255
419,420,420,9567.912263,40.36397496,-87.83802628
420,421,421,8709.547329,40.29063347,-87.87858808
421,422,422,8258.016902,38.55243382,-86.3427551
422,423,423,4936.451487,38.6612648,-86.45147768
423,424,424,7674.639873,40.47398216,-86.99054224
424,425,425,4047.673213,40.42338578,-86.97366411
425,426,426,5651.932569,40.30754723,-87.01094749
426,427,427,5331.978777,40.50652823,-87.04862058
427,428,428,4766.118548,40.16191984,-85.32292596
428,429,429,3480.144415,40.21990119,-85.33579503
429,430,430,5782.772245,38.64438013,-86.88095992
430,431,431,5067.385947,38.45697959,-86.94601617
431,432,432,4851.057976,38.5394744,-86.92095184
432,433,433,5000.513827,38.66568267,-86.74812661
433,434,434,4551.788496,38.5891208,-86.84157792
434,435,435,5500.885359,38.69142883,-86.80497729
435,436,436,5228.773254,38.61334187,-86.93254839
436,437,437,8873.777603,38.51430496,-86.59437563
437,438,438,8440.014818,38.6227024,-86.61269294
438,439,439,4917.595907,38.5875541,-86.67510052
439,440,440,5576.812859,38.59511902,-86.72136466
440,441,441,5997.282986,40.26993663,-87.35251187
441,442,442,8666.142739,40.74809723,-86.43090992
442,443,443,4110.855913,40.65786577,-86.24773213
443,444,444,5612.999854,38.5647058,-86.5485418
444,445,445,8042.887821,38.56525136,-86.78030523
445,446,446,5464.356843,38.7250294,-86.55723324
446,447,447,8535.129122,38.70672853,-86.65506892
447,448,448,4338.883113,38.55243282,-87.03965437
448,449,449,5656.578762,38.47390702,-87.01954945
449,450,450,7876.115388,38.58680247,-87.10399941
450,451,451,8434.466829,38.51090552,-87.11104222
451,452,452,8093.841461,40.2793081,-87.44181729
452,453,453,5629.754042,40.22041578,-87.47823117
453,454,454,7283.784943,38.44494546,-86.38969808
454,455,455,9445.862792,38.44944945,-86.47749899
455,456,456,4290.13494,39.60833865,-85.62557008
456,457,457,5719.729112,39.56581357,-85.69442358
457,458,458,6194.131753,38.32490198,-87.30051276
458,459,459,5864.32412,38.31983323,-87.38546497
459,460,460,4244.783153,39.67672799,-85.59738998
460,461,461,5408.718519,38.5054179,-87.20589599
461,462,462,5344.14685,38.35453806,-86.56970555
462,463,463,4752.533048,38.40996977,-86.54966994
463,464,464,8376.210361,39.68689676,-85.52166146
464,465,465,6245.333497,40.06121145,-87.63790452
465,466,466,6203.338052,39.84849932,-87.59748667
466,467,467,11803.52211,39.82530777,-87.66206
467,468,468,15728.41538,39.76851038,-87.78518592
468,469,469,10241.18358,39.71692062,-87.73523501
469,470,470,12250.4709,39.70828158,-87.64010278
470,471,471,5807.004213,39.62947039,-87.73162203
471,472,472,6486.344334,39.58886083,-87.63774717
472,473,473,7490.19254,39.55550499,-87.7407332
473,474,474,7649.179182,39.51132586,-87.79898483
474,475,475,7640.296184,38.36507864,-87.16285679
475,476,476,7661.249099,40.01420991,-87.91882133
476,477,477,6901.616738,40.07746809,-87.89423122
477,478,478,6283.401447,40.0230928,-87.81561442
478,479,479,5788.987264,40.07841635,-87.76891376
479,480,480,5306.997053,40.37516158,-87.61625299
480,481,481,7266.138036,40.43611272,-87.71182303
481,482,482,7751.687441,40.36220539,-87.69295979
482,483,483,9210.149172,40.26953804,-87.6203069
483,484,484,6262.31406,40.25186206,-85.50548935
484,485,485,6057.609245,40.20055531,-85.63100029
485,486,486,7722.616211,40.41729699,-85.40703968
486,487,487,7140.168386,40.17907057,-87.6620679
487,488,488,4047.615568,40.27195636,-85.38751349
488,489,489,4703.851361,40.23706761,-85.43815292
489,490,490,8950.333658,40.24095975,-87.72561627
490,491,491,4591.731906,40.04620303,-85.45254528
491,492,492,6986.67172,40.1530083,-87.76254102
492,493,493,9702.741609,40.0534648,-88.00348571
493,494,494,6963.261083,40.10128962,-85.42919106
494,495,495,8181.062885,40.13931836,-85.39689127
495,496,496,5807.925761,38.51124042,-86.86305141
496,497,497,6185.835786,40.05280414,-85.34653283
497,498,498,4721.224741,40.52458998,-86.45449451
498,499,499,7417.804461,40.50954759,-86.65282111
499,500,500,4168.546401,40.576112,-86.34154577
500,501,501,5200.640617,40.55399222,-86.41890829
501,502,502,4910.662453,40.6225535,-86.43774964
502,503,503,4607.459374,40.55391033,-86.5310164
503,504,504,10196.50393,40.60087397,-86.36670699
504,505,505,7228.611974,39.87642197,-86.75718918
505,506,506,7105.843293,39.97763731,-86.61684871
506,507,507,4914.297689,39.94167272,-86.72043809
507,508,508,6402.466351,40.0354677,-87.27247068
508,509,509,6273.497839,39.63098942,-87.21983073
509,510,510,4251.990351,39.83298099,-87.23652036
510,511,511,4568.498579,40.06429835,-87.47269217
511,512,512,8016.631918,40.07348667,-87.41303959
512,513,513,6405.564208,40.11441231,-87.33575083
513,514,514,5017.425247,39.88308625,-87.43655022
514,515,515,4454.850668,40.27651576,-86.16508865
515,516,516,8149.597496,38.38441728,-87.25214144
516,517,517,4082.27097,38.42350992,-87.32214525
517,518,518,7542.297853,38.27048391,-87.18943996
518,519,519,4812.992439,39.79150261,-86.97255626
519,520,520,7447.88078,39.83952606,-87.01826505
520,521,521,9223.999292,39.88325634,-87.05609956
521,522,522,5960.097076,39.76033128,-87.05568751
522,523,523,5397.667653,40.20540597,-84.84171677
523,524,524,8223.518747,40.28315498,-84.77303304
524,525,525,8227.201888,39.24015222,-85.39294849
525,526,526,5237.629094,39.94089279,-86.81096068
526,527,527,8558.692446,39.8035617,-86.84979423
527,528,528,11987.25553,39.87068648,-86.84063001
528,529,529,4258.669657,38.3832121,-87.51240044
529,530,530,5556.495426,40.69160361,-86.32846732
530,531,531,5605.90281,40.65334863,-86.32968573
531,532,532,4106.636063,38.42584274,-87.54025656
532,533,533,6092.775631,38.39763168,-87.64601681
533,534,534,5358.185629,38.38926901,-87.37116024
534,535,535,5154.144273,38.42066886,-87.44941249
535,536,536,5945.844413,40.60776197,-86.15347097
536,537,537,5802.323664,39.67791424,-87.0359576
537,538,538,7682.491382,39.68541796,-87.10729473
538,539,539,5202.990797,40.53528815,-86.04078406
539,540,540,5092.266978,40.56148789,-86.16181887
540,541,541,10042.5273,40.65284533,-86.67009503
541,542,542,4511.795005,40.55916719,-85.98705114
542,543,543,4720.602217,40.60019883,-86.06539515
543,544,544,6115.438307,40.55600236,-86.72124661
544,545,545,10332.46053,40.58142708,-86.61679667
545,546,546,5381.17202,39.80915519,-87.4326366
546,547,547,7067.437307,40.42489241,-87.45542008
547,548,548,4199.593762,39.82307625,-87.37168615
548,549,549,4048.227239,40.35544556,-87.4415028
549,550,550,6653.360156,39.73927521,-87.44647385
550,551,551,8501.180905,39.69247829,-87.39160799
551,552,552,6600.191958,40.12720858,-85.92439592
552,553,553,4013.231357,40.08426256,-85.79930533
553,554,554,5824.678377,40.17963703,-86.08369304
554,555,555,5205.172529,40.11180156,-86.12715787
555,556,556,7163.594287,40.09587257,-86.05923469
556,557,557,5542.35803,40.20586045,-85.99449782
557,558,558,4802.529641,40.287359,-86.08809684
558,559,559,5389.433388,40.15870913,-86.1696451
559,560,560,7308.038701,40.00167326,-85.53343684
560,561,561,8536.176019,40.26572334,-86.0003016
561,562,562,15323.72315,40.38256359,-84.72822294
562,563,563,8741.350324,40.47706471,-84.75173691
563,564,564,10278.22237,40.03053721,-85.68132022
564,565,565,5316.121475,40.46975455,-84.83892594
565,566,566,6073.916989,40.54853553,-84.79876413
566,567,567,4390.524884,40.03263903,-85.48415588
567,568,568,4590.935088,40.06046795,-85.57266703
568,569,569,4353.684718,40.08398235,-85.88012351
569,570,570,6421.39354,40.03767904,-85.95296673
570,571,571,4120.531168,40.04987759,-86.33959171
571,572,572,5703.149276,39.79298312,-87.12443279
572,573,573,8738.602544,39.77225421,-87.1906186
573,574,574,8738.141376,39.69533803,-87.22488003
574,575,575,8453.974411,39.87553762,-86.13120023
575,576,576,4245.940238,40.1114489,-86.26940268
576,577,577,8222.160503,39.96931375,-87.30188644
577,578,578,2099.158021,39.87434374,-87.36866694
578,579,579,6108.781448,40.01312005,-86.12631198
579,580,580,4715.552097,40.00258041,-86.07181637
580,581,581,5370.574168,39.93746175,-86.07893809
581,582,582,5711.384152,39.95468247,-86.17977869
582,583,583,5146.507811,39.88654506,-86.20760649
583,584,584,4192.175208,39.93168832,-87.44512695
584,585,585,4060.9876,39.79996524,-87.30652836
585,586,586,4297.15045,40.73168884,-86.69044287
586,587,587,4707.27678,39.72542804,-87.27843196
587,588,588,6117.753869,39.72628662,-87.33061917
588,589,589,6802.239932,40.13539101,-86.35882601
589,590,590,4074.510299,40.23276994,-86.26946427
590,591,591,3725.07434,40.18390042,-86.42533921
591,592,592,7552.323251,39.68334065,-85.76325362
592,593,593,6180.109605,39.58166294,-85.83169051
593,594,594,9747.062483,39.81676481,-85.73666516
594,595,595,9779.42925,39.70625753,-85.96745403
595,596,596,4252.309425,39.54760313,-86.03379725
596,597,597,7186.167435,39.49571772,-86.089858
597,598,598,4617.363899,39.69985456,-85.92041595
598,599,599,8003.848731,39.54476823,-86.11618717
599,600,600,8686.42954,39.4427792,-86.04894944
600,601,601,4317.031504,39.94231235,-85.77937147
601,602,602,7198.73849,39.95867995,-85.81176176
602,603,603,8966.798805,39.93747422,-85.90822363
603,604,604,5566.563683,39.97568951,-85.64047531
604,605,605,4090.893934,40.04140068,-85.76171723
605,606,606,6757.262164,40.00711528,-85.87578464
606,607,607,6648.453262,39.85065237,-85.95865775
607,608,608,4327.718493,39.96837106,-85.96043088
608,609,609,8842.440678,39.84525353,-86.08331217
609,610,610,9319.736326,39.75085958,-85.36570053
610,611,611,6815.986597,39.55635362,-85.36289126
611,612,612,5452.089052,39.7832538,-86.27037616
612,613,613,4255.808619,39.78975362,-85.67456718
613,614,614,10028.50378,39.62418984,-85.71614675
614,615,615,4856.587776,39.99591326,-86.30627072
615,616,616,5403.502375,39.957347,-86.35139825
616,617,617,4851.875061,39.93277389,-86.2765923
617,618,618,5819.738548,40.07086275,-86.25273527
618,619,619,7579.386139,40.03082617,-86.21106093
619,620,620,5097.27244,39.87261468,-86.32759103
620,621,621,7074.093887,39.84374299,-86.24863806
621,622,622,7723.248374,39.72900771,-85.29980013
622,623,623,8928.756531,39.71126711,-86.4733882
623,624,624,7486.309642,39.70299737,-86.38737381
624,625,625,9727.291233,39.79142847,-86.42654693
625,626,626,7465.878891,39.81683334,-86.53110275
626,627,627,4509.77741,39.71153367,-85.69110404
627,628,628,6075.97031,39.8754716,-86.46393266
628,629,629,8945.399069,39.9172669,-86.40107581
629,630,630,5896.931657,39.72627849,-86.07610964
630,631,631,4476.384405,39.67404585,-86.10024796
631,632,632,12489.20883,39.69447857,-86.2178742
632,633,633,6137.273462,39.63198746,-86.13046881
633,634,634,5983.223365,40.93403311,-85.79344165
634,635,635,4281.532527,40.98928136,-85.96579617
635,636,636,5365.272425,39.92749661,-85.56945886
636,637,637,5702.381456,39.88394545,-85.78231958
637,638,638,8211.147238,39.73685655,-85.82840248
638,639,639,8729.599308,39.77535245,-85.85856208
639,640,640,4863.437504,39.76989483,-85.99093176
640,641,641,6871.526696,39.83528356,-85.89939674
641,642,642,4135.665525,39.8730924,-85.65785046
642,643,643,6289.432615,39.93102061,-85.66438893
643,644,644,4332.649965,40.83228803,-86.37261516
644,645,645,5782.208653,40.82282016,-86.45660118
645,646,646,5258.923435,40.77933499,-86.53137309
646,647,647,6277.348579,39.24795907,-86.56233847
647,648,648,4686.944984,38.30598338,-87.00698004
648,649,649,6569.98529,38.37698743,-86.98170656
649,650,650,2184.872703,40.8360824,-86.18958448
650,651,651,5736.632422,38.26608143,-87.25794812
651,652,652,9764.072047,39.63294573,-85.86037225
652,653,653,4636.580547,40.81031734,-86.15936084
653,654,654,10275.70375,40.79801767,-86.31071223
654,655,655,4377.993488,39.86349758,-85.58171423
655,656,656,6355.13327,40.88927538,-86.18350394
656,657,657,7422.117594,39.78131229,-85.62708657
657,658,658,7482.123683,40.65856323,-86.49727022
658,659,659,5839.406108,40.70076641,-86.50142206
659,660,660,8128.183491,39.91521772,-87.13928964
660,661,661,7346.391297,39.60059718,-86.00183507
661,662,662,4123.893591,39.57247849,-85.9447596
662,663,663,9110.653329,39.48521514,-85.95178592
663,664,664,8570.619285,39.85379425,-85.3393257
664,665,665,4043.395549,39.39162972,-86.02285269
665,666,666,5448.679403,40.74302603,-86.59030848
666,667,667,5292.283078,39.35920648,-86.05939607
667,668,668,4220.093288,39.92246956,-87.30395488
668,669,669,7098.961798,39.8685141,-87.24960095
669,670,670,6398.664873,39.32052868,-85.98802175
670,671,671,9980.482772,39.22931106,-86.01138606
671,672,672,6198.213135,39.94608197,-85.2635608
672,673,673,6313.457271,39.64219184,-85.38495385
673,674,674,4283.12736,38.35597255,-87.46287129
674,675,675,6123.190005,39.50400501,-85.53197253
675,676,676,4083.227482,39.56096372,-87.12180076
676,677,677,5863.361361,39.61104575,-87.13217895
677,678,678,8895.121905,40.53312421,-86.25424536
678,679,679,7403.357695,39.59263528,-85.45043993
679,680,680,6212.74913,39.44306596,-85.59609644
680,681,681,7594.450806,39.42725482,-85.9190021
681,682,682,6029.261638,39.32052583,-86.08739592
682,683,683,7528.187224,39.49409659,-85.71386277
683,684,684,7248.293699,39.48304511,-85.64126777
684,685,685,8407.720524,40.84628808,-86.0589361
685,686,686,5681.070381,40.08361386,-87.19546381
686,687,687,6236.839434,40.13207436,-87.18226539
687,688,688,6619.889201,39.42929292,-85.39629213
688,689,689,4314.172005,39.57296164,-87.21150442
689,690,690,9618.046314,39.48667002,-85.47596025
690,691,691,5243.61275,38.4114413,-87.06017865
691,692,692,4587.395121,38.28419064,-87.12630846
692,693,693,6236.4093,38.3260283,-87.06953631
693,694,694,6545.014128,39.63855165,-85.50789194
694,695,695,6901.604767,39.55696946,-85.56840555
695,696,696,5492.616245,40.87725981,-85.99645399
696,697,697,6007.126469,40.90467636,-86.09287148
697,698,698,6321.36932,39.26289705,-85.91116961
698,699,699,5246.725439,39.47559046,-85.39915274
699,700,700,6011.101919,39.78855425,-86.12254541
700,701,701,5781.922757,39.76462394,-86.08366728
701,702,702,4465.667637,38.41640248,-87.11493249
702,703,703,3956.511685,40.89472628,-85.87885008
703,704,704,4572.06579,40.92184492,-85.91892425
704,705,705,6144.290201,40.95446692,-85.99470444
705,706,706,5727.625138,40.88655178,-85.77571883
706,707,707,4519.96165,40.85600645,-85.8964804
707,708,708,5528.262853,38.44906586,-87.17769787
708,709,709,4759.380217,40.9417541,-86.25696331
709,710,710,4296.632512,40.95802441,-86.34376172
710,711,711,4609.627229,41.03795906,-86.45914847
711,712,712,5628.559536,41.00025648,-86.44875275
712,713,713,5475.050529,39.13853458,-85.89230605
713,714,714,5498.938009,39.33333648,-85.68988482
714,715,715,2751.810879,39.13777709,-85.80881567
715,716,716,4877.373386,39.119646,-86.74353227
716,717,717,6088.649427,39.28160452,-85.50071307
717,718,718,4387.289304,39.20481637,-85.50942741
718,719,719,6012.556474,39.0634999,-86.76063553
719,720,720,4415.539527,39.09429029,-86.82390227
720,721,721,5109.085653,39.34717219,-85.48976829
721,722,722,7673.07837,39.28237853,-85.43459333
722,723,723,7235.569055,39.14808681,-85.54819548
723,724,724,5995.240595,39.17871811,-85.66393103
724,725,725,10342.16675,39.15912511,-85.62933685
725,726,726,6516.171355,40.17448247,-86.73134648
726,727,727,5543.013573,41.18757624,-86.39578196
727,728,728,5979.572841,39.50661227,-87.23373444
728,729,729,6543.459724,40.04957426,-86.65676678
729,730,730,4823.157521,40.20771645,-86.73768308
730,731,731,4968.277574,41.16198391,-86.15842012
731,732,732,4736.827403,41.0406825,-86.02000494
732,733,733,6837.525055,41.08162141,-86.09583257
733,734,734,4545.558981,41.13868314,-86.18705317
734,735,735,4199.563919,40.19159748,-86.54697163
735,736,736,4411.900884,40.16333159,-86.84533744
736,737,737,4375.35453,40.1989858,-86.47515875
737,738,738,6843.307636,40.12971803,-86.50442225
738,739,739,4440.530256,39.27250222,-86.75726029
739,740,740,5168.899089,39.2021822,-86.7007658
740,741,741,4084.167736,40.99396059,-86.52969108
741,742,742,9141.629621,40.92338329,-86.39304697
742,743,743,5753.041277,40.03011254,-86.45342224
743,744,744,7028.703965,40.08790573,-86.52969245
744,745,745,6574.466761,40.08092779,-86.60225461
745,746,746,6750.53906,39.35335069,-86.69648809
746,747,747,5824.483812,39.28205303,-86.70925306
747,748,748,6518.844308,39.34024425,-86.81667084
748,749,749,4086.986724,41.13630206,-86.07246236
749,750,750,4135.187474,41.23599186,-86.11802296
750,751,751,8025.390596,39.62823276,-87.45089623
751,752,752,4924.265451,39.36926245,-86.76078078
752,753,753,5480.123589,39.47152279,-87.42172974
753,754,754,4890.908936,39.4451141,-87.2287019
754,755,755,7548.463885,41.22582865,-86.49335778
755,756,756,8836.392909,41.15241456,-86.447512
756,757,757,5076.548362,41.18187194,-86.57283597
757,758,758,4904.738018,41.08846156,-86.4803772
758,759,759,5928.750434,41.13334536,-86.56523829
759,760,760,4635.727895,41.09781128,-86.6256687
760,761,761,5006.064896,41.06031338,-86.55133172
761,762,762,6775.936849,39.49067357,-87.32886099
762,763,763,3733.927601,39.56408029,-87.41539415
763,764,764,5931.922065,41.174089,-85.95713881
764,765,765,7336.547816,41.276901,-86.00157143
765,766,766,6434.242478,41.21794119,-86.05487283
766,767,767,9216.327345,41.24804376,-86.17786651
767,768,768,4526.620663,39.184449,-85.81408219
768,769,769,4780.222357,39.16176597,-85.97818239
769,770,770,7163.024934,39.54010728,-87.27431644
770,771,771,8283.631558,41.12371723,-85.99503334
771,772,772,2183.071112,39.03211043,-86.788404
772,773,773,4737.894111,39.57857539,-87.31106192
773,774,774,4123.436672,39.62591037,-87.34028429
774,775,775,4855.128749,41.22150029,-85.66571305
775,776,776,8888.791227,41.28153504,-85.54530159
776,777,777,4613.227399,41.28110165,-85.70973034
777,778,778,4591.686583,41.2071538,-85.71137185
778,779,779,6574.397952,41.24909163,-85.79234703
779,780,780,8313.581144,41.17256408,-85.77633232
780,781,781,6974.607554,41.17046643,-85.84931942
781,782,782,5330.993953,41.29371645,-85.83174024
782,783,783,4682.640206,41.13026959,-85.88559528
783,784,784,8238.095729,41.25167764,-85.92744102
784,785,785,5102.427866,40.49174941,-86.77199781
785,786,786,7646.778507,41.03395431,-86.1488271
786,787,787,7114.24787,40.96884517,-86.19710821
787,788,788,6015.557923,41.02011706,-86.25344244
788,789,789,4466.201099,39.3531763,-85.43860058
789,790,790,4105.123432,41.2388037,-85.60440327
790,791,791,4192.16401,41.01382902,-86.33312318
791,792,792,4772.592715,41.07497888,-86.38930438
792,793,793,4276.992391,41.07575745,-86.3001475
793,794,794,6769.543008,41.16528466,-86.31220759
794,795,795,7363.933695,41.10382707,-86.24781743
795,796,796,10344.65258,39.2276456,-85.81178978
796,797,797,4674.958633,40.97901204,-86.08936372
797,798,798,4403.45948,39.18190695,-85.74740729
798,799,799,13090.80677,39.28852892,-85.6124217
799,800,800,6848.134688,39.17976322,-86.78549048
800,801,801,7482.208497,39.32285713,-86.87649009
801,802,802,8247.977021,39.24309424,-86.90093824
802,803,803,8604.36318,39.19636967,-86.83202267
803,804,804,5037.153815,39.13949861,-86.91136017
804,805,805,6678.330277,39.15988738,-86.65647619
805,806,806,8124.876838,39.3855882,-85.55183498
806,807,807,4192.841524,39.30505149,-85.67641866
807,808,808,4723.698683,39.31001703,-86.58052078
808,809,809,6214.335716,39.24948437,-86.62271543
809,810,810,4519.612761,38.99993222,-86.78419825
810,811,811,7730.581539,40.83594426,-86.98113777
811,812,812,4358.408183,40.93703103,-86.89458321
812,813,813,4110.575827,40.87336103,-86.47619355
813,814,814,5897.708106,40.86854263,-86.54922552
814,815,815,4102.868888,40.84774611,-86.86737867
815,816,816,6492.578261,40.88483239,-86.86675364
816,817,817,7708.281641,40.92571518,-86.71457685
817,818,818,4532.676369,40.90356104,-86.75204865
818,819,819,8458.37835,40.70318611,-87.11309691
819,820,820,4951.728586,41.03379012,-86.9234029
820,821,821,4577.969065,40.89575351,-86.41448477
821,822,822,5096.353756,40.91868806,-86.58092706
822,823,823,6568.997405,41.0410358,-86.65938013
823,824,824,4142.554346,40.96663259,-86.57571746
824,825,825,6393.730344,41.00521708,-86.67991174
825,826,826,6769.5938,40.96012929,-86.66310362
826,827,827,5840.857566,41.14986889,-86.84274745
827,828,828,7119.412377,41.14758437,-86.77140836
828,829,829,4970.302238,41.08939909,-86.73501661
829,830,830,4193.048391,41.04089461,-86.78672877
830,831,831,6274.601828,39.08580885,-85.60773675
831,832,832,5532.210652,39.29462073,-86.32111708
832,833,833,4118.440019,39.52690081,-86.23742404
833,834,834,8723.769525,39.44242011,-86.22790596
834,835,835,7820.375695,39.57243675,-86.36969495
835,836,836,7787.611154,40.72647308,-86.77864501
836,837,837,4050.438736,40.68403621,-86.81584905
837,838,838,5979.128609,39.78184225,-86.33445773
838,839,839,7420.975658,39.67218933,-86.32987146
839,840,840,4797.786769,39.58719815,-86.17072112
840,841,841,7180.829554,39.60486684,-86.25684094
841,842,842,5223.124758,40.05627687,-86.7731665
842,843,843,12373.94832,40.01220619,-86.74181944
843,844,844,5332.921894,39.62407045,-86.46139635
844,845,845,6822.263708,39.48998136,-86.24288386
845,846,846,8771.312667,39.38731625,-86.52203595
846,847,847,8591.356156,39.40004497,-86.59291797
847,848,848,4572.328947,40.16128422,-86.62980904
848,849,849,4408.50332,40.16628912,-86.68078389
849,850,850,8999.317774,40.01319484,-87.10469794
850,851,851,5060.209137,39.98076893,-87.17611454
851,852,852,4421.623168,39.3536389,-86.45633207
852,853,853,4938.722047,39.37921719,-86.64903914
853,854,854,8121.372681,39.2913982,-86.23130589
854,855,855,6537.121866,40.10261924,-86.74739136
855,856,856,3224.142235,40.09015228,-86.84870653
856,857,857,7709.976636,41.09669331,-86.88178956
857,858,858,8125.217925,40.99744012,-86.86915444
858,859,859,4711.22461,40.92989512,-86.81182883
859,860,860,6380.937182,40.79949711,-86.91566053
860,861,861,5642.319964,39.93535741,-87.22741183
861,862,862,8097.12021,40.58963223,-86.86604187
862,863,863,5079.161452,40.32630573,-86.06500658
863,864,864,7983.868877,40.35930412,-86.09391697
864,865,865,6217.184663,40.34399479,-85.95959936
865,866,866,4829.526652,40.60467254,-86.76194984
866,867,867,4291.49917,37.96058868,-88.09125469
867,868,868,2094.782197,38.42607815,-88.81443984
868,869,869,7830.568036,38.36676555,-88.75971177
869,870,870,16250.24331,38.44385116,-88.77232181
870,871,871,5609.974916,40.63488155,-86.83472902
871,872,872,5356.294773,40.59855011,-86.99090715
872,873,873,4331.422078,39.39465013,-85.74269756
873,874,874,4324.936714,39.35525372,-85.85300453
874,875,875,4278.25757,39.31300426,-85.9304332
875,876,876,6613.438158,39.32629051,-85.74645219
876,877,877,5937.367111,39.44562821,-86.36334613
877,878,878,6976.77469,39.54246114,-86.31642998
878,879,879,4846.714636,39.5580364,-86.44574636
879,880,880,8409.981038,39.49040003,-86.50753158
880,881,881,8041.032096,39.47817469,-86.44098204
881,882,882,9925.14661,39.37552015,-86.20225661
882,883,883,7036.197015,39.37478572,-86.31454199
883,884,884,7253.500706,39.37302345,-86.39808969
884,885,885,7858.439657,39.4356679,-85.7734932
885,886,886,5723.682727,39.44577556,-85.83143015
886,887,887,5694.229985,39.28532196,-86.43531404
887,888,888,8555.786779,39.22870416,-86.50062866
888,889,889,4762.538868,39.25419113,-86.37446695
889,890,890,4976.932857,39.98848059,-86.8971928
890,891,891,9610.656139,40.03309313,-86.95613531
891,892,892,6552.208643,39.91963923,-86.95617519
892,893,893,9009.715424,39.96339542,-86.96693727
893,894,894,5211.082504,40.83250002,-86.65786084
894,895,895,10780.36569,40.7535941,-86.90602481
895,896,896,7126.825,40.83859341,-86.72271664
896,897,897,7718.908222,40.79014808,-86.65682631
897,898,898,6843.891385,40.68473509,-86.97853925
898,899,899,6116.506534,40.68052972,-86.90954018
899,900,900,4647.652038,40.12385077,-86.90234505
900,901,901,4389.428355,40.08552819,-86.95304213
901,902,902,9119.776454,39.95247753,-87.96939989
902,903,903,10056.78249,39.97020723,-87.68308264
903,904,904,5436.926167,39.99025288,-87.60961573
904,905,905,3811.427568,38.66258792,-88.67372152
905,906,906,13830.88635,38.67092178,-88.81845598
906,907,907,5834.671412,38.7469396,-88.65677719
907,908,908,6929.961327,38.74257131,-88.77377332
908,909,909,6657.431672,40.45583386,-85.22540953
909,910,910,8939.921296,40.51270591,-85.20085377
910,911,911,5074.605305,38.5775686,-88.81922034
911,912,912,4890.930511,38.60117163,-88.68037176
912,913,913,13782.24642,38.66264097,-88.72789446
913,914,914,2666.147363,38.54592048,-88.68666731
914,915,915,4609.567287,38.5198733,-88.79257432
915,916,916,14676.39888,38.55495016,-88.60483148
916,917,917,15134.47295,38.45740827,-88.66191865
917,918,918,3698.909799,38.45670264,-88.55360689
918,919,919,14130.54257,38.44024779,-88.50072353
919,920,920,9033.74708,38.31069555,-88.65537776
920,921,921,9481.217653,38.35021822,-88.5713706
921,922,922,5628.511508,40.37860499,-85.09784864
922,923,923,4199.100735,40.43756534,-85.1703963
923,924,924,2997.922655,38.35160568,-88.46953481
924,925,925,9508.473889,38.33248846,-88.41330112
925,926,926,9218.353472,38.25973116,-88.46974213
926,927,927,5847.772977,40.45611246,-85.10293959
927,928,928,9382.308989,39.93621339,-87.85703239
928,929,929,12605.53353,39.92417812,-87.76323381
929,930,930,7451.485833,40.5940486,-88.30115773
930,931,931,8943.377299,40.51738026,-88.28350452
931,932,932,13029.86799,40.54231132,-88.17515907
932,933,933,6719.624237,40.45991482,-88.22347187
933,934,934,7351.11258,40.42690693,-88.13285196
934,935,935,8312.753045,40.3881531,-88.05385487
935,936,936,7953.454127,40.23319118,-88.2141238
936,937,937,9450.595467,40.15909682,-88.2404314
937,938,938,5676.463041,40.13184763,-88.1351223
938,939,939,6258.582177,40.33695158,-88.11189232
939,940,940,10720.68468,40.26421473,-88.10910453
940,941,941,11120.27879,40.22446689,-88.00288315
941,942,942,3023.203704,38.1238251,-88.58722738
942,943,943,17758.24487,38.17431596,-88.56692281
943,944,944,5756.072444,40.61325257,-85.34631503
944,945,945,6622.044117,40.5789646,-85.49327538
945,946,946,5098.117532,38.1999626,-88.73224162
946,947,947,5643.235417,38.22564934,-88.61732358
947,948,948,14781.20347,38.25940918,-88.66995153
948,949,949,8367.068381,40.53063126,-85.36538624
949,950,950,5013.210799,40.54212283,-85.24638876
950,951,951,6257.953872,40.57856583,-85.27071681
951,952,952,6679.899382,40.27085075,-84.85142346
952,953,953,8053.024471,39.30156038,-85.82673235
953,954,954,9647.655549,39.17217835,-86.34312867
954,955,955,7086.354745,40.20842543,-87.36431352
955,956,956,7364.787076,39.37394401,-88.41849917
956,957,957,8121.427912,38.36319133,-88.22413947
957,958,958,9161.363537,40.08929908,-88.09530735
958,959,959,4072.423543,40.6211623,-85.05713383
959,960,960,4926.957518,38.15097268,-88.18456047
960,961,961,9465.821022,40.68711544,-86.17269669
961,962,962,5482.055127,40.6926399,-86.04016044
962,963,963,3185.789217,40.79694478,-85.67879591
963,964,964,4456.798581,40.27286828,-84.90316262
964,965,965,6456.710928,40.63171882,-85.48982574
965,966,966,6877.762643,38.27319927,-88.14101493
966,967,967,4985.563195,40.63366518,-85.39600411
967,968,968,6429.076859,38.14978299,-88.38891219
968,969,969,5523.875758,40.42758126,-84.93135622
969,970,970,8998.604047,40.78443488,-85.50705504
970,971,971,7118.585849,40.73117728,-85.64626416
971,972,972,4421.477665,40.46007896,-85.02270043
972,973,973,6576.749803,40.39477832,-85.02494282
973,974,974,7090.373542,40.54770397,-85.92881312
974,975,975,4456.418167,40.64388224,-86.04160955
975,976,976,5463.27341,40.12177059,-84.91629374
976,977,977,7402.056101,40.15187838,-84.96239349
977,978,978,9123.921982,38.33942061,-88.09975534
978,979,979,4422.837248,38.28914833,-88.34657181
979,980,980,7525.374057,38.17294572,-88.43824866
980,981,981,6915.116153,40.38808615,-84.85837628
981,982,982,6611.314331,40.68360103,-85.45633803
982,983,983,5815.587544,40.36587191,-84.94319964
983,984,984,5723.175035,40.69260342,-85.57785153
984,985,985,4151.059193,38.27369564,-88.2499025
985,986,986,6042.427299,38.18374403,-88.24364604
986,987,987,6722.009296,38.22626208,-88.30439334
987,988,988,4564.857359,40.26462185,-86.90374376
988,989,989,4810.792455,40.37438167,-86.83724804
989,990,990,9456.457497,40.21014664,-86.90341139
990,991,991,4982.017385,38.69623422,-86.22341734
991,992,992,8017.00221,40.75847688,-86.08005372
992,993,993,11362.93423,40.74409525,-86.23180034
993,994,994,7426.300388,40.25097623,-86.79270257
994,995,995,6395.912992,38.68571456,-86.15848613
995,996,996,4198.216984,38.73679565,-86.15294253
996,997,997,8033.891269,38.11472673,-88.34594593
997,998,998,9095.600963,38.08386496,-88.28040271
998,999,999,9408.418915,40.74330178,-85.53504496
999,1000,1000,5307.657451,40.16286321,-85.03795841
1000,1001,1001,6660.907155,40.10623506,-85.0944521
1001,1002,1002,4606.773255,40.16272924,-85.10463736
1002,1003,1003,5835.901955,40.0800768,-85.16459111
1003,1004,1004,7627.104451,40.08379921,-85.22178011
1004,1005,1005,7478.446429,38.20862002,-88.08073367
1005,1006,1006,9545.734262,38.18493699,-88.13093459
1006,1007,1007,7377.56351,38.09146293,-88.13656396
1007,1008,1008,13864.15206,38.02644095,-88.21410056
1008,1009,1009,6095.310908,38.79065266,-86.21592311
1009,1010,1010,8330.378443,38.881609,-86.29317304
1010,1011,1011,8009.430551,40.62510846,-85.91265163
1011,1012,1012,9097.625843,38.8581235,-86.24402948
1012,1013,1013,4137.977201,39.58013037,-86.53329161
1013,1014,1014,6461.292733,39.53585425,-86.60142497
1014,1015,1015,8651.001344,40.29275923,-86.9469849
1015,1016,1016,10479.33878,38.12260667,-87.73116891
1016,1017,1017,6291.276159,38.06675157,-87.78179279
1017,1018,1018,6281.846996,39.7193119,-86.62166776
1018,1019,1019,4390.928039,40.11707005,-85.27299498
1019,1020,1020,6370.171604,40.17541942,-85.23371927
1020,1021,1021,6125.812325,39.63737049,-86.66172721
1021,1022,1022,6595.266389,38.19782769,-87.86409707
1022,1023,1023,6346.702588,39.7009473,-86.57432307
1023,1024,1024,5373.916581,39.48615222,-86.62425257
1024,1025,1025,8205.9371,38.26098775,-87.76415258
1025,1026,1026,4066.73935,38.03832855,-87.72453092
1026,1027,1027,4267.779368,38.00239247,-87.79259244
1027,1028,1028,4045.255223,38.71231378,-86.32327434
1028,1029,1029,8142.944713,38.73173809,-86.28751578
1029,1030,1030,5261.500754,38.71022566,-86.40884318
1030,1031,1031,8294.470721,38.74503535,-86.41878069
1031,1032,1032,5876.602622,38.99996413,-86.12034425
1032,1033,1033,6341.860372,39.04190268,-86.17297802
1033,1034,1034,8825.259092,38.96154216,-86.20072056
1034,1035,1035,5479.052255,39.02658017,-86.27444836
1035,1036,1036,5341.050811,39.14199781,-86.10269894
1036,1037,1037,8223.113785,39.11405042,-86.17182153
1037,1038,1038,4949.699808,39.29859461,-86.15529674
1038,1039,1039,8875.305084,38.20181661,-87.75584072
1039,1040,1040,12339.2682,38.00824814,-87.92245894
1040,1041,1041,9041.730911,38.50531436,-87.50038138
1041,1042,1042,11348.54368,38.45651436,-87.64707219
1042,1043,1043,9030.011195,39.6690519,-86.85125941
1043,1044,1044,9907.142916,39.5748795,-86.96978655
1044,1045,1045,7627.84985,38.82877043,-86.37834155
1045,1046,1046,8405.027831,38.13139365,-87.58747711
1046,1047,1047,8073.41956,38.18199915,-87.66075891
1047,1048,1048,7840.100089,39.64482763,-86.74815588
1048,1049,1049,7325.713205,39.58505995,-86.81029947
1049,1050,1050,8479.919305,39.55742659,-86.88736674
1050,1051,1051,7466.708607,39.80313367,-86.74029761
1051,1052,1052,6950.62478,39.93033477,-86.60091535
1052,1053,1053,9447.692359,39.63537622,-86.55781681
1053,1054,1054,6086.307258,39.96427181,-86.49651257
1054,1055,1055,10749.65523,39.88948126,-86.56464361
1055,1056,1056,6136.886966,39.80201073,-86.62237058
1056,1057,1057,4186.807934,39.74697376,-86.90910054
1057,1058,1058,6680.087159,39.71421164,-86.91774694
1058,1059,1059,5778.694156,39.66315549,-86.96824679
1059,1060,1060,7854.623117,38.01205363,-87.68918973
1060,1061,1061,5353.050856,39.10016177,-86.24940645
1061,1062,1062,5548.485935,39.24069723,-86.12425323
1062,1063,1063,5499.298121,39.19393982,-86.14423724
1063,1064,1064,11554.66458,39.20980701,-86.27458144
1064,1065,1065,6044.631305,39.16410027,-86.42917054
1065,1066,1066,11678.95085,39.07972391,-86.35584378
1066,1067,1067,7376.115021,39.08316954,-86.46044358
1067,1068,1068,8887.168651,38.70846185,-86.05312412
1068,1069,1069,7652.020583,38.78740552,-86.0732613
1069,1070,1070,4728.087413,38.75891671,-85.92417446
1070,1071,1071,6771.114447,38.82441634,-85.99249005
1071,1072,1072,4162.617985,40.4970295,-86.33805154
1072,1073,1073,4562.05524,40.61607932,-87.04095062
1073,1074,1074,7969.258681,40.65911736,-87.16963057
1074,1075,1075,4768.446473,40.47576599,-86.45087739
1075,1076,1076,9359.433156,38.89874205,-85.73141825
1076,1077,1077,11829.90197,38.83871312,-85.85108242
1077,1078,1078,5874.837501,38.63375331,-85.84923834
1078,1079,1079,12115.62186,38.98824848,-85.81193326
1079,1080,1080,6997.329988,38.6789516,-85.94912653
1080,1081,1081,10131.00112,38.69803952,-85.88599543
1081,1082,1082,8986.723353,38.86250312,-85.93481002
1082,1083,1083,8053.652446,39.7340929,-86.70437227
1083,1084,1084,4904.418425,39.75029387,-86.76715727
1084,1085,1085,6027.717025,38.97599453,-85.76735901
1085,1086,1086,6825.727812,40.49960774,-87.3744074
1086,1087,1087,4070.18026,40.59240865,-87.1146501
1087,1088,1088,5840.571863,40.550638,-87.34328943
1088,1089,1089,5387.330952,40.4744523,-86.56308299
1089,1090,1090,9692.312516,40.45407374,-86.75530965
1090,1091,1091,7519.934418,40.42338973,-87.37081348
1091,1092,1092,5943.174324,40.42431765,-86.89557515
1092,1093,1093,4913.948058,40.58620031,-87.28667763
1093,1094,1094,4154.434888,39.02181055,-86.47198416
1094,1095,1095,7367.174078,40.33652857,-86.84997047
1095,1096,1096,4693.379792,40.55031112,-86.89198934
1096,1097,1097,9215.323665,40.52226928,-86.92358212
1097,1098,1098,7764.189788,39.08932086,-86.58309923
1098,1099,1099,5370.573586,39.02105019,-86.54678283
1099,1100,1100,7683.818631,38.98120981,-86.33718728
1100,1101,1101,6243.220429,38.96787559,-86.42955482
1101,1102,1102,10209.83382,38.94434257,-86.50843365
1102,1103,1103,8937.766871,38.88051829,-86.55989811
1103,1104,1104,6334.505326,39.07701358,-86.66356218
1104,1105,1105,9370.969101,39.00219279,-86.65893849
1105,1106,1106,6502.612122,39.13900699,-86.52773239
1106,1107,1107,6187.490423,39.05273922,-85.29911193
1107,1108,1108,6204.980894,40.56854771,-84.87022211
1108,1109,1109,7776.026777,40.42895026,-87.55964375
1109,1110,1110,5716.886318,40.08435439,-87.70028684
1110,1111,1111,6623.7346,40.0935165,-86.41188915
1111,1112,1112,8045.235698,39.2899924,-87.10361994
1112,1113,1113,11574.35244,40.02179863,-87.35200343
1113,1114,1114,5111.585789,38.66733644,-86.98074145
1114,1115,1115,4936.039466,38.81161819,-86.94072827
1115,1116,1116,7603.534134,38.80742185,-85.48313002
1116,1117,1117,6035.636614,39.04923515,-85.41231573
1117,1118,1118,7504.188243,38.99787289,-85.52172314
1118,1119,1119,5314.856767,40.38186791,-85.90936945
1119,1120,1120,8779.156531,40.46366913,-85.95321812
1120,1121,1121,9464.583611,40.42686699,-86.05192633
1121,1122,1122,6749.140404,40.4889259,-86.0937394
1122,1123,1123,6009.597217,40.40840753,-86.37680834
1123,1124,1124,6592.048789,40.38454347,-85.82863533
1124,1125,1125,6310.110425,40.43496579,-85.80618355
1125,1126,1126,11444.66735,38.89762894,-85.57731438
1126,1127,1127,6245.422641,38.97390509,-85.38448787
1127,1128,1128,5716.420587,39.00018953,-85.4106235
1128,1129,1129,4858.570856,40.42738808,-86.46958313
1129,1130,1130,4326.716203,38.69907548,-87.10486496
1130,1131,1131,4299.008203,38.70371604,-87.03455036
1131,1132,1132,6360.800768,38.75877977,-87.08928816
1132,1133,1133,9649.030135,38.73127838,-87.18341574
1133,1134,1134,6597.064839,38.88509864,-87.2641162
1134,1135,1135,8123.536346,39.13204004,-85.34496679
1135,1136,1136,4683.767606,38.76573722,-86.99618936
1136,1137,1137,9054.93103,38.36070354,-87.69164561
1137,1138,1138,6171.427064,38.69396632,-87.46385267
1138,1139,1139,7582.205966,38.60667615,-87.56007065
1139,1140,1140,6902.433692,38.54744341,-87.57730123
1140,1141,1141,7930.70751,38.78503741,-87.29919698
1141,1142,1142,7079.96732,38.91718408,-87.32953295
1142,1143,1143,5742.443714,38.8384019,-87.34896126
1143,1144,1144,6169.794241,38.90231961,-87.40112303
1144,1145,1145,6014.336946,38.80098161,-87.43758714
1145,1146,1146,6510.843938,38.75615591,-87.44646904
1146,1147,1147,4357.599439,39.35139208,-87.34657988
1147,1148,1148,8103.378835,39.41103607,-87.40193506
1148,1149,1149,9233.08781,39.28682117,-87.53469109
1149,1150,1150,9193.297589,39.24518546,-87.41464401
1150,1151,1151,8440.362155,39.19637041,-87.47797385
1151,1152,1152,5936.595971,39.15337131,-87.56198386
1152,1153,1153,5784.141272,39.31049454,-87.43546237
1153,1154,1154,4264.76693,40.34750706,-86.23094588
1154,1155,1155,4284.369888,40.3599557,-86.32652772
1155,1156,1156,8182.675418,40.39111331,-86.54034362
1156,1157,1157,6695.668253,39.40879115,-87.30981724
1157,1158,1158,6584.317149,38.62996153,-85.68162149
1158,1159,1159,8730.717475,38.72350893,-85.7482131
1159,1160,1160,7952.393932,40.39295181,-86.67262214
1160,1161,1161,4482.135709,40.31084677,-86.26255677
1161,1162,1162,4279.856412,38.70899817,-85.63825802
1162,1163,1163,4346.582318,40.43216792,-86.57667171
1163,1164,1164,6758.078126,39.09115652,-85.46697111
1164,1165,1165,7284.641709,38.67098068,-85.61166182
1165,1166,1166,7143.901957,39.04166924,-85.56160541
1166,1167,1167,7116.678815,39.1556757,-85.43277946
1167,1168,1168,6533.943547,38.6258696,-85.78370025
1168,1169,1169,8732.044955,38.61245738,-87.30519149
1169,1170,1170,2964.059016,38.57299958,-87.21768669
1170,1171,1171,5831.218896,38.49135557,-87.26632712
1171,1172,1172,4581.829425,38.71996252,-87.34527146
1172,1173,1173,4091.403679,38.68790424,-87.38463657
1173,1174,1174,5145.437004,38.57535122,-87.37747874
1174,1175,1175,7883.753641,38.52410787,-87.34489498
1175,1176,1176,8722.651654,38.47361443,-87.39954432
1176,1177,1177,11996.16199,38.60682502,-87.44947512
1177,1178,1178,5659.739182,38.64408674,-87.08749516
1178,1179,1179,4354.693324,38.61527156,-87.17989705
1179,1180,1180,5720.875272,38.64980341,-87.22410165
1180,1181,1181,6886.492486,38.79262573,-87.21709788
1181,1182,1182,4313.256221,38.6951461,-87.27498746
1182,1183,1183,6084.397531,38.95039509,-86.80056428
1183,1184,1184,5373.550402,39.0390185,-86.89116901
1184,1185,1185,4754.152765,38.98501924,-86.88836972
1185,1186,1186,5462.673199,39.09485651,-87.12700452
1186,1187,1187,9227.943669,38.82607739,-87.0552167
1187,1188,1188,6915.873116,38.92958831,-86.91328436
1188,1189,1189,5897.154613,38.88992618,-86.97624674
1189,1190,1190,4471.152002,38.96947512,-86.98328532
1190,1191,1191,7204.392013,38.98550514,-87.04562805
1191,1192,1192,6136.631625,38.89603138,-87.06941464
1192,1193,1193,4984.006747,38.85193325,-87.13860127
1193,1194,1194,8930.39262,39.02451116,-87.20751556
1194,1195,1195,7815.699328,39.24788169,-87.29334821
1195,1196,1196,4733.475869,39.22954568,-87.34577477
1196,1197,1197,4694.995289,39.14802048,-87.23927954
1197,1198,1198,7045.504762,40.34816974,-86.50346801
1198,1199,1199,4131.8387,40.28090773,-86.59778095
1199,1200,1200,9226.690294,40.31498818,-86.47637314
1200,1201,1201,4388.510104,39.10164631,-87.25632916
1201,1202,1202,4993.429902,39.17402083,-87.29970978
1202,1203,1203,5201.213213,39.14078093,-87.35727608
1203,1204,1204,5404.374844,39.06061691,-87.31572594
1204,1205,1205,4325.085498,39.12051454,-87.39195533
1205,1206,1206,5304.291314,40.28883659,-86.35933185
1206,1207,1207,6951.887188,40.26558626,-86.47736426
1207,1208,1208,6110.02255,40.27537989,-86.70832784
1208,1209,1209,5392.372523,40.32106703,-86.67495523
1209,1210,1210,7615.817011,40.37887662,-86.75596279
1210,1211,1211,5671.359029,38.82149302,-85.58240312
1211,1212,1212,5885.480199,38.77366161,-85.71004152
1212,1213,1213,10188.30528,38.83684378,-85.70839876
1213,1214,1214,4664.119601,38.76242667,-85.82655545
1214,1215,1215,7573.680428,38.9607336,-85.64095151
1215,1216,1216,8029.443738,39.00102169,-85.69269778
1216,1217,1217,10145.27339,38.73473478,-85.51110685
1217,1218,1218,4154.335003,38.76119234,-85.6155311
1218,1219,1219,4354.23706,39.05549408,-86.07021933
1219,1220,1220,5762.594082,39.06854162,-85.93252043
1220,1221,1221,6461.785103,39.08269964,-86.01420621
1221,1222,1222,9159.830202,38.98480481,-86.041197
1222,1223,1223,6464.767999,39.04746564,-85.86773239
1223,1224,1224,4763.441174,38.96707921,-85.91278518
1224,1225,1225,9494.903799,39.10260339,-85.77002702
1225,1226,1226,4316.336974,39.12945809,-86.00120581
1226,1227,1227,4794.737698,39.06548781,-87.04710797
1227,1228,1228,4008.738073,39.08259531,-87.00065284
1228,1229,1229,6333.450505,39.06948965,-86.94208846
1229,1230,1230,7541.547534,38.8809392,-86.84990269
1230,1231,1231,6397.664547,38.99481191,-87.34512142
1231,1232,1232,4756.948523,40.39938438,-86.14511487
1232,1233,1233,4294.978847,40.42586833,-86.21004292
1233,1234,1234,5044.652574,38.92466552,-87.14402567
1234,1235,1235,6051.397026,38.90573512,-87.21470512
1235,1236,1236,5492.777081,40.46331193,-86.31802461
1236,1237,1237,6183.043344,38.86867341,-87.4669164
1237,1238,1238,4823.743396,38.88369513,-86.05405257
1238,1239,1239,4848.135136,38.98709823,-87.48915618
1239,1240,1240,7324.57286,39.09545459,-87.51738946
1240,1241,1241,9069.468926,39.03145618,-87.13525838
1241,1242,1242,5176.260342,38.97643915,-87.23323145
1242,1243,1243,5168.694703,40.47932049,-86.19560622
1243,1244,1244,5918.625318,40.41112243,-86.27643359
1244,1245,1245,5244.688506,39.07979613,-87.4122108
1245,1246,1246,8429.976842,38.87752571,-86.1328714
1246,1247,1247,4456.745607,38.81600559,-86.14548608
1247,1248,1248,4085.679457,38.95435196,-85.35322598
1248,1249,1249,8046.827537,39.00591005,-87.4350514
1249,1250,1250,5008.652249,38.90595703,-85.4230366
1250,1251,1251,4574.405836,38.85288676,-85.43962108
1251,1252,1252,4440.760374,38.88713899,-85.49864235
1252,1253,1253,8919.549507,38.94489356,-85.9907518
1253,1254,1254,6862.152274,39.06968085,-87.55526948
1254,1255,1255,8241.398493,37.96942333,-88.14685032
1255,1256,1256,5433.66113,41.2811639,-85.35814714
1256,1257,1257,8157.359736,40.34383244,-84.63761499
1257,1258,1258,4825.031771,40.43643727,-84.47994347
1258,1259,1259,5252.022552,40.43420164,-84.55832457
1259,1260,1260,5014.988625,40.44505036,-84.62141797
1260,1261,1261,14012.72512,40.50237117,-84.49511766
1261,1262,1262,3652.150953,40.47863639,-84.66798248
1262,1263,1263,4985.781695,40.52731491,-84.61919944
1263,1264,1264,6384.231068,40.5441274,-84.70167899
1264,1265,1265,12270.53854,40.21287005,-86.32998407
1265,1266,1266,12052.26984,39.46285978,-87.95085588
1266,1267,1267,4720.615685,40.23708909,-86.58864416
1267,1268,1268,8529.230345,40.17609925,-88.09585287
1268,1269,1269,5234.1249,40.87502741,-86.26480911
1269,1270,1270,7244.211792,39.51683647,-85.83230871
1270,1271,1271,3584.890556,40.69761789,-86.64282921
1271,1272,1272,4595.611648,38.0820048,-87.85056934
1272,1273,1273,5602.638307,38.31627265,-87.62366464
1273,1274,1274,4763.974218,39.63140411,-85.33903519
1274,1275,1275,5239.854341,41.30550008,-86.07338066
1275,1276,1276,5154.610315,40.75775014,-87.02670702
